"Date","Accidents","Rain"
2016-01-01,0,0
2016-01-02,0,0
2016-01-03,0,0
2016-01-04,0,0
2016-01-05,0,0
2016-01-06,0,0
2016-01-07,0,0
2016-01-08,0,0
2016-01-09,0,0
2016-01-10,0,0
2016-01-11,0,0
2016-01-12,0,0
2016-01-13,0,0
2016-01-14,7,0
2016-01-15,0,0
2016-01-16,0,0
2016-01-17,0,0
2016-01-18,0,0
2016-01-19,0,0
2016-01-20,0,0
2016-01-21,0,0
2016-01-22,0,0
2016-01-23,0,0
2016-01-24,0,0
2016-01-25,0,0
2016-01-26,0,0
2016-01-27,0,0
2016-01-28,0,0
2016-01-29,0,0
2016-01-30,0,0
2016-01-31,0,0
2016-02-01,0,0
2016-02-02,0,0
2016-02-03,0,0
2016-02-04,0,0
2016-02-05,0,0
2016-02-06,0,0
2016-02-07,0,0
2016-02-08,60,0.019375
2016-02-09,59,0.00384615384615385
2016-02-10,49,0.00258064516129032
2016-02-11,93,0
2016-02-12,18,0
2016-02-13,14,0.00333333333333333
2016-02-14,13,0.01
2016-02-15,62,0.00176470588235294
2016-02-16,84,0.0209090909090909
2016-02-17,51,0
2016-02-18,73,0
2016-02-19,72,0
2016-02-20,4,0
2016-02-21,7,0.085
2016-02-22,55,0
2016-02-23,58,0
2016-02-24,86,0.0736065573770492
2016-02-25,51,0.00206896551724138
2016-02-26,27,0
2016-02-27,6,0
2016-02-28,7,0
2016-02-29,36,0
2016-03-01,55,0.0503846153846154
2016-03-02,40,0
2016-03-03,64,0.00363636363636364
2016-03-04,58,0.00333333333333333
2016-03-05,7,0.1
2016-03-06,4,0
2016-03-07,41,0
2016-03-08,51,0
2016-03-09,42,0.0114285714285714
2016-03-10,72,0.0273170731707317
2016-03-11,61,0
2016-03-12,10,0
2016-03-13,9,0.04375
2016-03-14,45,0.0728571428571429
2016-03-15,46,0.002
2016-03-16,44,0
2016-03-17,53,0
2016-03-18,53,0
2016-03-19,11,0.0275
2016-03-20,7,0
2016-03-21,49,0
2016-03-22,82,0
2016-03-23,704,0.0105555555555556
2016-03-24,823,0.0469047619047619
2016-03-25,504,0
2016-03-26,251,0.024
2016-03-27,263,0
2016-03-28,652,0.0404587155963303
2016-03-29,723,0.015
2016-03-30,828,0.00433333333333333
2016-03-31,678,0.0356716417910448
2016-04-01,878,0.0121052631578947
2016-04-02,260,0.0127272727272727
2016-04-03,278,0.00571428571428571
2016-04-04,739,0.0216949152542373
2016-04-05,889,0
2016-04-06,831,0.00260869565217391
2016-04-07,976,0.0186689419795222
2016-04-08,606,0.00987421383647799
2016-04-09,364,0.00864516129032259
2016-04-10,305,0.019375
2016-04-11,780,0.023
2016-04-12,791,0.0296610169491526
2016-04-13,766,0
2016-04-14,820,5e-04
2016-04-15,28,0
2016-04-16,0,0
2016-04-17,213,0
2016-04-18,881,0.0295833333333333
2016-04-19,786,0
2016-04-20,834,0.142682926829268
2016-04-21,861,0.0051063829787234
2016-04-22,927,0.0217283950617284
2016-04-23,17,0
2016-04-24,159,0
2016-04-25,797,0.0130769230769231
2016-04-26,817,0.0302127659574468
2016-04-27,762,0.0319540229885057
2016-04-28,732,0.005
2016-04-29,835,0.001
2016-04-30,156,0.01
2016-05-01,56,0.02
2016-05-02,676,0.00833333333333333
2016-05-03,613,0.0411842105263157
2016-05-04,712,0.0132258064516129
2016-05-05,712,0.00636363636363636
2016-05-06,35,0.0171428571428571
2016-05-07,0,0
2016-05-08,38,0
2016-05-09,622,0.0205882352941177
2016-05-10,762,0.0315384615384615
2016-05-11,750,0.0389189189189189
2016-05-12,796,0
2016-05-13,25,0.01
2016-05-14,0,0
2016-05-15,0,0
2016-05-16,572,0.0153571428571429
2016-05-17,718,0.00489795918367347
2016-05-18,964,0.00666666666666667
2016-05-19,768,0
2016-05-20,1006,0.0333333333333333
2016-05-21,367,0.0225
2016-05-22,362,0.00833333333333333
2016-05-23,815,0.0148148148148148
2016-05-24,1018,0.0193103448275862
2016-05-25,1043,0.0017948717948718
2016-05-26,1097,0.119189189189189
2016-05-27,1048,0.00136363636363636
2016-05-28,367,0
2016-05-29,305,0
2016-05-30,501,0.0363636363636364
2016-05-31,862,0
2016-06-01,854,0.000384615384615385
2016-06-02,726,0.00428571428571429
2016-06-03,814,0.0103846153846154
2016-06-04,328,0.0273913043478261
2016-06-05,291,0.0215789473684211
2016-06-06,832,0.00375
2016-06-07,841,0.009375
2016-06-08,853,0.0397368421052632
2016-06-09,799,0
2016-06-10,727,0.0113333333333333
2016-06-11,322,0
2016-06-12,321,0.00333333333333333
2016-06-13,752,0
2016-06-14,755,0.0104761904761905
2016-06-15,1,0
2016-06-16,664,0.0103030303030303
2016-06-17,848,0.0178787878787879
2016-06-18,285,0
2016-06-19,229,0
2016-06-20,568,0.0157142857142857
2016-06-21,1688,0.103775510204082
2016-06-22,2286,0.0246666666666667
2016-06-23,2443,0.0526424870466321
2016-06-24,2258,0.0212727272727273
2016-06-25,567,0.128571428571429
2016-06-26,638,0.0794285714285714
2016-06-27,2283,0.0718571428571428
2016-06-28,2142,0.0900480769230768
2016-06-29,2198,0.0217857142857143
2016-06-30,2225,0.0369444444444444
2016-07-01,1146,0.0338372093023256
2016-07-02,426,0.0706896551724138
2016-07-03,459,0.0536842105263158
2016-07-04,1169,0.0604545454545454
2016-07-05,2214,0.0427981651376146
2016-07-06,2148,0.0555172413793103
2016-07-07,2081,0.0534065934065934
2016-07-08,2012,0.0999324324324324
2016-07-09,477,0.0144117647058824
2016-07-10,486,0.0117647058823529
2016-07-11,1949,0.03453125
2016-07-12,1843,0.0354545454545455
2016-07-13,1864,0.0658088235294117
2016-07-14,2132,0.04744
2016-07-15,1668,0.0184466019417476
2016-07-16,532,0.0832
2016-07-17,58,0.03
2016-07-18,1513,0.0486666666666666
2016-07-19,1975,0.0254761904761905
2016-07-20,1936,0.00638888888888889
2016-07-21,2019,0.0454961832061068
2016-07-22,2256,0.0435087719298245
2016-07-23,616,0.0986046511627907
2016-07-24,568,0.0976666666666667
2016-07-25,2043,0.102830188679245
2016-07-26,2223,0.118079470198675
2016-07-27,2256,0.0935294117647058
2016-07-28,2172,0.0558035714285714
2016-07-29,2216,0.0591233766233765
2016-07-30,684,0.0387301587301587
2016-07-31,639,0.103050847457627
2016-08-01,2226,0.022875
2016-08-02,2265,0.061639344262295
2016-08-03,1290,0.0156410256410256
2016-08-04,1792,0.0932231404958677
2016-08-05,2510,0.0333720930232558
2016-08-06,624,0.139666666666667
2016-08-07,560,0.0710344827586207
2016-08-08,2314,0.102663043478261
2016-08-09,2240,0.0692715231788079
2016-08-10,2383,0.0535882352941176
2016-08-11,2326,0.0487387387387387
2016-08-12,2461,0.0939067055393588
2016-08-13,697,0.0639743589743589
2016-08-14,642,0.0477631578947368
2016-08-15,2330,0.0524197530864198
2016-08-16,2235,0.0684364820846906
2016-08-17,2263,0.068600583090379
2016-08-18,2202,0.0578421052631578
2016-08-19,2170,0.0936407766990292
2016-08-20,676,0.091
2016-08-21,644,0.0580246913580247
2016-08-22,2142,0.0237606837606837
2016-08-23,2243,0.0222448979591837
2016-08-24,2318,0.0604020100502512
2016-08-25,2079,0.03784
2016-08-26,2331,0.0213953488372093
2016-08-27,703,0.0663829787234042
2016-08-28,687,0.0654838709677419
2016-08-29,2369,0.0385407725321888
2016-08-30,2355,0.068254716981132
2016-08-31,2380,0.105619469026549
2016-09-01,2636,0.0344499999999999
2016-09-02,2286,0.0857081545064377
2016-09-03,653,0.0414814814814815
2016-09-04,553,0.0841379310344827
2016-09-05,1308,0.0375824175824176
2016-09-06,2755,0.0192452830188679
2016-09-07,2601,0.0322826086956522
2016-09-08,2649,0.0499354838709677
2016-09-09,2588,0.0517605633802817
2016-09-10,726,0.0688524590163934
2016-09-11,640,0.0304761904761905
2016-09-12,2429,0.0190123456790124
2016-09-13,2509,0.0404320987654321
2016-09-14,2539,0.025891472868217
2016-09-15,2600,0.0666666666666667
2016-09-16,1916,0.0391891891891892
2016-09-17,615,0.0489285714285714
2016-09-18,497,0.0334146341463415
2016-09-19,1721,0.0838095238095239
2016-09-20,1583,0.0178021978021978
2016-09-21,1506,0.035820895522388
2016-09-22,1544,0.0120833333333333
2016-09-23,2380,0.0123463687150838
2016-09-24,624,0.0537037037037037
2016-09-25,539,0.12452380952381
2016-09-26,2270,0.0878676470588236
2016-09-27,2556,0.041090909090909
2016-09-28,2497,0.0341719745222929
2016-09-29,2425,0.0564718162839249
2016-09-30,2553,0.0357360406091371
2016-10-01,690,0.0377659574468085
2016-10-02,610,0.059090909090909
2016-10-03,2450,0.028041958041958
2016-10-04,2815,0.0108496732026144
2016-10-05,2626,0.02
2016-10-06,1769,0.0541847826086956
2016-10-07,2546,0.0805323193916351
2016-10-08,697,0.0281012658227848
2016-10-09,95,0.0257692307692308
2016-10-10,1381,0.000714285714285714
2016-10-11,2701,0.00738461538461538
2016-10-12,2366,0.0265065502183406
2016-10-13,2590,0.0327004219409282
2016-10-14,2866,0.0472340425531914
2016-10-15,777,0.0646268656716418
2016-10-16,818,0.0712121212121212
2016-10-17,2700,0.0188524590163934
2016-10-18,2480,0.0133720930232558
2016-10-19,2718,0.046578947368421
2016-10-20,2522,0.0476441102756892
2016-10-21,2575,0.0763318777292576
2016-10-22,805,0.0203296703296703
2016-10-23,700,0.00907407407407407
2016-10-24,2407,0.0173873873873874
2016-10-25,2511,0.00576271186440678
2016-10-26,2668,0.0398976982097186
2016-10-27,2338,0.0251004016064256
2016-10-28,3,0
2016-10-29,170,0.0383333333333333
2016-10-30,740,0.0417424242424242
2016-10-31,2535,0.0161616161616162
2016-11-01,2728,0.0152898550724638
2016-11-02,2634,0.0380902777777777
2016-11-03,2794,0.0453875968992248
2016-11-04,2784,0.00789473684210527
2016-11-05,715,0.0485
2016-11-06,697,0.0326086956521739
2016-11-07,2796,0.0473584905660377
2016-11-08,2847,0.0213
2016-11-09,2561,0.0158558558558558
2016-11-10,2726,0.34551724137931
2016-11-11,2402,0.196862745098039
2016-11-12,679,0
2016-11-13,734,0.0229411764705882
2016-11-14,2769,0.11
2016-11-15,2918,0.177525773195876
2016-11-16,2724,0.256835443037975
2016-11-17,2750,0.255897435897436
2016-11-18,2916,0.0891071428571429
2016-11-19,779,0.0144444444444445
2016-11-20,839,0.03203125
2016-11-21,2873,0.137445652173913
2016-11-22,2987,0.285477941176471
2016-11-23,2953,0.0464691943127962
2016-11-24,1350,0.0915037593984961
2016-11-25,1588,0.00463276836158192
2016-11-26,720,0.0265625
2016-11-27,858,0.0171774193548387
2016-11-28,2744,0.0321169354838709
2016-11-29,3077,0.113568406205924
2016-11-30,3098,0.0606646058732611
2016-12-01,2688,0.00729064039408867
2016-12-02,2642,0.0947265624999999
2016-12-03,667,0.0273275862068965
2016-12-04,709,0.0335616438356164
2016-12-05,2834,0.0708853118712275
2016-12-06,2747,0.0359180035650623
2016-12-07,2628,0.181896551724138
2016-12-08,2620,0.0674377224199288
2016-12-09,2525,0.0629885057471265
2016-12-10,816,0.0217258883248731
2016-12-11,744,0.0108755760368664
2016-12-12,2589,0.244545454545455
2016-12-13,2660,0.303583061889251
2016-12-14,2677,0.221739130434783
2016-12-15,2876,0.185079646017699
2016-12-16,3266,0.0311169513797634
2016-12-17,905,0.0305676855895196
2016-12-18,755,0.016952380952381
2016-12-19,2555,0.0126271186440678
2016-12-20,2626,0.00779661016949153
2016-12-21,2339,0.0332620320855615
2016-12-22,2590,0.0363265306122448
2016-12-23,2380,0.0316357504215851
2016-12-24,600,0.03
2016-12-25,425,0.0253333333333333
2016-12-26,575,0.0168235294117647
2016-12-27,1753,0.007
2016-12-28,1796,0
2016-12-29,1979,0.0559417040358744
2016-12-30,2042,0.015589519650655
2016-12-31,611,0.0228571428571428
2017-01-01,66,0.00222222222222222
2017-01-02,851,0.114961240310078
2017-01-03,2387,0.0932767624020888
2017-01-04,1350,0.0161538461538461
2017-01-05,2461,0.00790825688073392
2017-01-06,2559,0.00796068796068795
2017-01-07,795,0.0168421052631579
2017-01-08,599,0.0421212121212121
2017-01-09,2508,0.132006079027356
2017-01-10,2862,0.0420075757575758
2017-01-11,2897,0.144820143884892
2017-01-12,2691,0.0387147335423197
2017-01-13,2526,0.0334817813765182
2017-01-14,654,0.00693548387096774
2017-01-15,561,0.0296
2017-01-16,1896,0.140353982300885
2017-01-17,2554,0.201014492753624
2017-01-18,2170,0.0472241992882563
2017-01-19,2568,0.0775502008032131
2017-01-20,2363,0.0718439716312057
2017-01-21,692,0.111015625
2017-01-22,593,0.0652112676056337
2017-01-23,2320,0.0859374999999999
2017-01-24,2225,0.0901165501165502
2017-01-25,2250,0.00614634146341464
2017-01-26,2075,0.236092715231788
2017-01-27,2178,0.0815537848605578
2017-01-28,574,0.00218181818181818
2017-01-29,673,0.0154901960784314
2017-01-30,2186,0.0689032258064516
2017-01-31,2629,0.00429844097995546
2017-02-01,2417,0.0025625
2017-02-02,2400,0.0109139784946237
2017-02-03,2409,0.0217525773195876
2017-02-04,669,0.0135416666666667
2017-02-05,626,0.0137878787878788
2017-02-06,2330,0.0731063829787234
2017-02-07,2586,0.0597970230040595
2017-02-08,2554,0.14578431372549
2017-02-09,2663,0.0712009803921569
2017-02-10,2433,0.0585167464114832
2017-02-11,767,0.00828125
2017-02-12,733,0.0297237569060773
2017-02-13,2083,0.104953271028037
2017-02-14,2424,0.0712236286919831
2017-02-15,2198,0.101346153846154
2017-02-16,2238,0.0739024390243902
2017-02-17,2409,0.112248628884826
2017-02-18,655,0.0136
2017-02-19,608,0.0107368421052632
2017-02-20,1876,0.0658108108108108
2017-02-21,1998,0.020190114068441
2017-02-22,2164,0.0348458149779735
2017-02-23,2193,0.0156818181818182
2017-02-24,2499,0.0186547085201793
2017-02-25,691,0.0183582089552239
2017-02-26,727,0.00666666666666667
2017-02-27,2053,0.0607096774193549
2017-02-28,2276,0.0536403508771929
2017-03-01,2378,0.0416901408450704
2017-03-02,2269,0.0519704433497537
2017-03-03,2330,0.0168484848484848
2017-03-04,759,0.027986577181208
2017-03-05,713,0.0488461538461538
2017-03-06,2153,0.01375
2017-03-07,2181,0.0855765595463138
2017-03-08,2110,0.00690058479532164
2017-03-09,2132,0.0216470588235294
2017-03-10,2350,0.022191011235955
2017-03-11,780,0.0243410852713178
2017-03-12,706,0.0135483870967742
2017-03-13,2546,0.024925
2017-03-14,2343,0.0541255006675566
2017-03-15,1967,0.188699551569507
2017-03-16,2180,0.00127659574468085
2017-03-17,2347,0.0206161137440758
2017-03-18,868,0.00881578947368422
2017-03-19,770,0.00580645161290323
2017-03-20,2314,0.0202010050251256
2017-03-21,2241,0.0157608695652174
2017-03-22,2200,0.0195890410958904
2017-03-23,2046,0.313378378378378
2017-03-24,2450,0.0281127450980392
2017-03-25,818,0.0187777777777778
2017-03-26,611,0.0221176470588235
2017-03-27,1957,0.0355952380952381
2017-03-28,2212,0.204012158054711
2017-03-29,2290,0.117512953367876
2017-03-30,2154,0.067469512195122
2017-03-31,2140,0.160267111853088
2017-04-01,674,0.0165116279069767
2017-04-02,592,0.2825
2017-04-03,2059,0.0822608695652174
2017-04-04,2049,0.0388685015290519
2017-04-05,2181,0.071
2017-04-06,2295,0.0777503429355281
2017-04-07,2402,0.020953947368421
2017-04-08,699,0.19
2017-04-09,542,0.0111111111111111
2017-04-10,1999,0.0224651162790697
2017-04-11,2026,0.0527184466019417
2017-04-12,2101,0.0960536398467433
2017-04-13,2148,0.0674561403508772
2017-04-14,2037,0.0204854368932039
2017-04-15,693,0.031
2017-04-16,618,0.0234939759036145
2017-04-17,2188,0.0902153846153847
2017-04-18,2114,0.124540540540541
2017-04-19,2165,0.0276666666666666
2017-04-20,2099,0.0895141700404859
2017-04-21,2072,0.0344444444444444
2017-04-22,685,0.0302380952380952
2017-04-23,592,0.0628333333333333
2017-04-24,1936,0.0289075630252101
2017-04-25,1876,0.0216816816816816
2017-04-26,2033,0.215870967741935
2017-04-27,1958,0.0831249999999999
2017-04-28,1932,0.68445652173913
2017-04-29,717,0.0535616438356164
2017-04-30,633,0.0737878787878788
2017-05-01,2113,0.025640243902439
2017-05-02,2035,0.0664864864864864
2017-05-03,1926,0.121441441441441
2017-05-04,2013,0.0437345679012345
2017-05-05,2298,0.138266666666667
2017-05-06,696,0.00764705882352941
2017-05-07,672,0.0287857142857142
2017-05-08,2005,0.249024390243902
2017-05-09,1998,0.0200602409638554
2017-05-10,877,0.0414678899082569
2017-05-11,1963,0.0393427230046948
2017-05-12,1843,0.0303603603603603
2017-05-13,587,0.270638297872341
2017-05-14,575,0.019
2017-05-15,1967,0.0106818181818182
2017-05-16,615,0.0338709677419355
2017-05-17,1853,0.115045871559633
2017-05-18,2109,0.258837209302326
2017-05-19,2146,0.144916201117318
2017-05-20,691,0.0523529411764706
2017-05-21,618,0.0598823529411764
2017-05-22,2111,0.102494845360825
2017-05-23,2154,0.0866826923076925
2017-05-24,2089,0.116111111111111
2017-05-25,695,0.0504316546762589
2017-05-26,643,0.0336923076923077
2017-05-27,166,0.0375
2017-05-28,140,0.110625
2017-05-29,270,0.0924324324324324
2017-05-30,633,0.0307936507936508
2017-05-31,635,0.0296551724137931
2017-06-01,1427,0.0551388888888889
2017-06-02,1942,0.0789320388349514
2017-06-03,691,0.0429032258064516
2017-06-04,717,0.0879338842975206
2017-06-05,1870,0.160258397932817
2017-06-06,1906,0.0554005167958656
2017-06-07,1809,0.144644808743169
2017-06-08,2013,0.0484645669291338
2017-06-09,2007,0.056734693877551
2017-06-10,775,0.0270588235294118
2017-06-11,694,0.0527118644067796
2017-06-12,1932,0.4276
2017-06-13,1974,0.1648
2017-06-14,1934,0.259316239316239
2017-06-15,1984,0.32546875
2017-06-16,1791,0.0526993865030674
2017-06-17,694,0.333125
2017-06-18,594,0.0502631578947368
2017-06-19,1904,0.0640294117647059
2017-06-20,1943,0.0361325966850828
2017-06-21,1974,0.0336936936936937
2017-06-22,1884,0.0383647798742138
2017-06-23,1860,0.066615969581749
2017-06-24,573,0.114561403508772
2017-06-25,584,0.0407407407407407
2017-06-26,1572,0.1804
2017-06-27,1898,0.0805747126436782
2017-06-28,1759,0.275491803278689
2017-06-29,1653,0.291186440677966
2017-06-30,1914,0.0495614035087719
2017-07-01,581,0.0556944444444444
2017-07-02,455,0.0536363636363636
2017-07-03,1538,0.0423529411764706
2017-07-04,970,0.0886904761904762
2017-07-05,1765,0.0569662921348314
2017-07-06,1733,0.0577707006369426
2017-07-07,1864,0.141284722222222
2017-07-08,581,0.0677777777777778
2017-07-09,521,0.0075
2017-07-10,1784,0.314545454545454
2017-07-11,1726,0.0693706293706293
2017-07-12,1717,0.20559585492228
2017-07-13,1686,0.209702380952381
2017-07-14,1899,0.405077519379845
2017-07-15,476,0.0688888888888889
2017-07-16,485,0.0277777777777778
2017-07-17,1482,0.117228915662651
2017-07-18,1691,0.0829761904761904
2017-07-19,1785,0.225142857142857
2017-07-20,1798,0.0984210526315789
2017-07-21,1764,0.216822429906542
2017-07-22,631,0.09
2017-07-23,501,0.0911320754716981
2017-07-24,1737,0.215507246376811
2017-07-25,1707,0.44943661971831
2017-07-26,2163,0.0486821705426356
2017-07-27,3029,0.0413467048710601
2017-07-28,3341,0.110617647058824
2017-07-29,630,0.025531914893617
2017-07-30,651,0.0773684210526316
2017-07-31,571,0.135094339622642
2017-08-01,3219,0.181297297297297
2017-08-02,3148,0.0821797752808989
2017-08-03,3294,0.0655522388059701
2017-08-04,3471,0.0572606382978723
2017-08-05,695,0.253770491803279
2017-08-06,641,0.04015625
2017-08-07,3064,0.0716771752837326
2017-08-08,3357,0.0613541666666667
2017-08-09,2941,0.138363636363636
2017-08-10,3122,0.180879120879121
2017-08-11,3158,0.0681741573033708
2017-08-12,672,0.20027397260274
2017-08-13,699,0.0409302325581395
2017-08-14,3288,0.0469895287958114
2017-08-15,3267,0.108015665796345
2017-08-16,3383,0.10145390070922
2017-08-17,3502,0.107878787878788
2017-08-18,3411,0.200095238095238
2017-08-19,735,0.414230769230769
2017-08-20,680,0.0371052631578947
2017-08-21,3137,0.0784864864864864
2017-08-22,3465,0.0770739549839229
2017-08-23,3601,0.149911894273128
2017-08-24,3381,0.050290909090909
2017-08-25,3393,0.0678904109589041
2017-08-26,689,0.0947560975609756
2017-08-27,590,0.101818181818182
2017-08-28,3226,0.0685982905982907
2017-08-29,3326,0.0793227091633468
2017-08-30,3140,0.120522648083624
2017-08-31,3260,0.113688699360341
2017-09-01,3401,0.0641269841269842
2017-09-02,677,0.0425555555555555
2017-09-03,660,0.0369158878504673
2017-09-04,1911,0.0411111111111111
2017-09-05,3420,0.106132075471698
2017-09-06,3465,0.0517524339360222
2017-09-07,3488,0.110955414012739
2017-09-08,3610,0.181847826086957
2017-09-09,766,0.0208620689655172
2017-09-10,619,0.1476
2017-09-11,3070,0.0727111111111111
2017-09-12,3237,0.0204600484261501
2017-09-13,3350,0.157394366197183
2017-09-14,3387,0.0327230046948357
2017-09-15,3724,0.221083333333333
2017-09-16,662,0.00166666666666667
2017-09-17,602,0.02025
2017-09-18,3333,0.0304330708661417
2017-09-19,3413,0.0277083333333333
2017-09-20,3550,0.0617467248908297
2017-09-21,3457,0.268448275862069
2017-09-22,3502,0.0188028169014084
2017-09-23,717,0.369655172413793
2017-09-24,724,0.0818965517241379
2017-09-25,3287,0.0242361111111111
2017-09-26,3469,0.101951219512195
2017-09-27,3438,0.0549173553719008
2017-09-28,3500,0.0233333333333333
2017-09-29,3650,0.0578861788617886
2017-09-30,813,0.0292957746478873
2017-10-01,703,0.0405769230769231
2017-10-02,3173,0.0657476635514018
2017-10-03,3357,0.0609770114942528
2017-10-04,3398,0.0590556900726392
2017-10-05,3304,0.073268156424581
2017-10-06,3305,0.0553267973856209
2017-10-07,861,0.0427027027027027
2017-10-08,802,0.0778817733990148
2017-10-09,3235,0.0722492401215804
2017-10-10,3257,0.0828426395939087
2017-10-11,3523,0.0445016077170419
2017-10-12,3277,0.0218660287081339
2017-10-13,2505,0.101811594202898
2017-10-14,675,0.0681896551724138
2017-10-15,661,0.0235483870967742
2017-10-16,3057,0.0962369337979094
2017-10-17,3185,0.0180555555555556
2017-10-18,3088,0.0333516483516483
2017-10-19,3240,0.0497402597402596
2017-10-20,3267,0.0754545454545455
2017-10-21,709,0.0326865671641791
2017-10-22,610,0.0448
2017-10-23,3200,0.0879822335025381
2017-10-24,3114,0.0864673913043479
2017-10-25,2773,0.177614678899083
2017-10-26,2928,0.0298692810457516
2017-10-27,2970,0.0425170068027211
2017-10-28,665,0.108260869565217
2017-10-29,586,0.210178571428571
2017-10-30,2674,0.0281
2017-10-31,2873,0.084822695035461
2017-11-01,2817,0.0491988130563799
2017-11-02,2871,0.0142007434944238
2017-11-03,2897,0.0486561264822134
2017-11-04,734,0.0278807947019867
2017-11-05,599,0.020125
2017-11-06,2791,0.00929411764705883
2017-11-07,2689,0.129211356466877
2017-11-08,3004,0.0526862745098043
2017-11-09,3188,0.0363220088626293
2017-11-10,2622,0.0122549019607843
2017-11-11,702,0.007
2017-11-12,595,0.204224137931035
2017-11-13,2936,0.0718581907090466
2017-11-14,2738,0.00589147286821705
2017-11-15,2986,0.0350896860986546
2017-11-16,3087,0.0378251599147122
2017-11-17,2415,0.0844516129032258
2017-11-18,864,0.0580769230769231
2017-11-19,672,0.0254166666666667
2017-11-20,3186,0.123526570048309
2017-11-21,3632,0.0351955307262569
2017-11-22,3400,0.0569300911854103
2017-11-23,1548,0.0559210526315789
2017-11-24,2069,0.0115
2017-11-25,620,0.00846153846153846
2017-11-26,880,0.0248235294117647
2017-11-27,3531,0.0191724137931034
2017-11-28,3190,0.030828025477707
2017-11-29,3343,0.501797752808989
2017-11-30,3521,0.0924528301886792
2017-12-01,3529,0.618048780487805
2017-12-02,635,0.0207692307692308
2017-12-03,556,0.0247058823529412
2017-12-04,3268,0.0104761904761905
2017-12-05,3359,0.0971474878444084
2017-12-06,3555,0.030268456375839
2017-12-07,3456,0.0192965517241379
2017-12-08,3637,0.0464118246687054
2017-12-09,700,0.0148401826484018
2017-12-10,519,0.00466666666666667
2017-12-11,3388,0.205943775100401
2017-12-12,3532,0.00864271457085826
2017-12-13,3614,0.0391990846681922
2017-12-14,3613,0.00149253731343284
2017-12-15,3443,0.00587677725118483
2017-12-16,825,0.0160493827160494
2017-12-17,649,0.0207142857142857
2017-12-18,3468,0.00916114790286974
2017-12-19,3622,0.062454954954955
2017-12-20,3674,0.0485481997677119
2017-12-21,3088,0.0554210526315789
2017-12-22,3024,0.0210963455149501
2017-12-23,763,0.0279558011049723
2017-12-24,590,0.0086764705882353
2017-12-25,654,0.0111392405063291
2017-12-26,1185,0.00746666666666667
2017-12-27,2553,0.00906614785992217
2017-12-28,2673,0.00416107382550336
2017-12-29,2739,0.0305020080321285
2017-12-30,805,0.00514084507042254
2017-12-31,526,0.003
2018-01-01,981,0.00125
2018-01-02,2868,0.0132863849765258
2018-01-03,3076,0.111654676258993
2018-01-04,3403,0.0315898251192369
2018-01-05,3163,0.0114244186046511
2018-01-06,724,0.00934426229508197
2018-01-07,655,0.0171014492753623
2018-01-08,3761,0.0438508839354343
2018-01-09,3747,0.0782005494505495
2018-01-10,2993,0.00504587155963303
2018-01-11,3408,0.0223442808607021
2018-01-12,3582,0.0411774193548389
2018-01-13,856,0.00837837837837838
2018-01-14,713,0.00458015267175573
2018-01-15,2779,0.00331632653061225
2018-01-16,3409,0.00422192151556156
2018-01-17,3456,0.0484444444444445
2018-01-18,1675,0.0140740740740741
2018-01-19,1670,0.00842592592592593
2018-01-20,715,0.0108163265306122
2018-01-21,643,0.0177551020408163
2018-01-22,2827,0.0371812080536914
2018-01-23,3405,0.0394720000000001
2018-01-24,3462,0.00950236966824643
2018-01-25,3184,0.0122477064220183
2018-01-26,3035,0.00590909090909091
2018-01-27,781,0.0485344827586207
2018-01-28,656,0.05906432748538
2018-01-29,3119,0.0157894736842105
2018-01-30,3146,0.00562982005141388
2018-01-31,3201,0.743148148148148
2018-02-01,3061,0.0109677419354839
2018-02-02,3280,0.0039344262295082
2018-02-03,930,0.00683333333333334
2018-02-04,911,0.0920170454545455
2018-02-05,3344,0.00969325153374232
2018-02-06,3330,0.0322191780821918
2018-02-07,3588,0.0609307520476545
2018-02-08,3299,0.00252380952380952
2018-02-09,3697,0.0114864864864864
2018-02-10,1051,0.0339583333333333
2018-02-11,957,0.131087613293051
2018-02-12,3221,0.0184256559766764
2018-02-13,3298,0.05
2018-02-14,2738,0.0129819277108433
2018-02-15,3106,0.0135984848484848
2018-02-16,3273,0.0547440944881893
2018-02-17,750,0.0421176470588235
2018-02-18,714,0.014375
2018-02-19,2765,0.0150762829403605
2018-02-20,3414,0.0521111111111111
2018-02-21,3073,0.0453285968028419
2018-02-22,3281,0.026029197080292
2018-02-23,3296,0.030015337423313
2018-02-24,948,0.170875
2018-02-25,831,0.0792682926829268
2018-02-26,3202,0.0399266055045871
2018-02-27,3160,0.132444444444445
2018-02-28,3017,0.0858382642998028
2018-03-01,3299,0.0487137330754354
2018-03-02,3024,0.131554404145078
2018-03-03,906,0.0184939759036144
2018-03-04,722,0.0150793650793651
2018-03-05,2943,0.0202958579881657
2018-03-06,3152,0.0272348484848484
2018-03-07,2525,0.0586503067484662
2018-03-08,1273,0.00398876404494382
2018-03-09,3202,0.00311688311688312
2018-03-10,978,0.0244444444444444
2018-03-11,813,0.0291025641025641
2018-03-12,3229,0.0248878923766815
2018-03-13,3425,0.070943396226415
2018-03-14,3239,0.0436038186157518
2018-03-15,3385,0.0253968253968253
2018-03-16,3122,0.0387525150905433
2018-03-17,998,0.0274193548387097
2018-03-18,740,0.00310344827586207
2018-03-19,2878,0.0495833333333333
2018-03-20,3531,0.0298132004981321
2018-03-21,3539,0.0295035460992908
2018-03-22,3507,0.0943639053254437
2018-03-23,3320,0.0186096256684492
2018-03-24,833,0.0326573426573426
2018-03-25,819,0.0243283582089552
2018-03-26,3175,0.0288255033557047
2018-03-27,3028,0.0378834951456311
2018-03-28,1811,0.0479432624113474
2018-03-29,3404,0.0525233644859814
2018-03-30,2946,0.0111458333333333
2018-03-31,718,0.2128
2018-04-01,710,0.0121666666666667
2018-04-02,2934,0.0308666666666666
2018-04-03,3157,0.0386919104991396
2018-04-04,3197,0.0188888888888889
2018-04-05,2927,0.0505747126436781
2018-04-06,2801,0.0404934210526316
2018-04-07,973,0.0470153846153846
2018-04-08,674,0.0138775510204082
2018-04-09,3141,0.0142978723404255
2018-04-10,2988,0.0872761194029851
2018-04-11,3096,0.0134126984126984
2018-04-12,3040,0.014108527131783
2018-04-13,3019,0.0118006430868167
2018-04-14,815,0.0497087378640776
2018-04-15,790,0.0653633217993081
2018-04-16,3148,0.0904472049689442
2018-04-17,3075,0.0491627906976744
2018-04-18,3184,0.01
2018-04-19,3312,0.0377479892761394
2018-04-20,3207,0.00395348837209302
2018-04-21,822,0.0378461538461538
2018-04-22,735,0.0695575221238938
2018-04-23,3391,0.0744157441574415
2018-04-24,3279,0.0834206219312602
2018-04-25,3312,0.14149012567325
2018-04-26,3224,0.0367315175097276
2018-04-27,3148,0.0530041152263374
2018-04-28,879,0.013469387755102
2018-04-29,761,0.00666666666666667
2018-04-30,2918,0.0121379310344828
2018-05-01,3119,0.079236641221374
2018-05-02,3210,0.245935828877005
2018-05-03,3257,0.0677678571428572
2018-05-04,3123,0.0838541666666667
2018-05-05,850,0.0380392156862745
2018-05-06,641,0.0724137931034483
2018-05-07,2902,0.08375
2018-05-08,3072,0.007
2018-05-09,3031,0.0322764227642276
2018-05-10,3186,0.0203389830508474
2018-05-11,3269,0.0296618357487922
2018-05-12,974,0.10945205479452
2018-05-13,892,0.0594262295081967
2018-05-14,3024,0.127569832402235
2018-05-15,3198,0.0557015590200445
2018-05-16,3169,0.158323170731708
2018-05-17,3205,0.245975820379966
2018-05-18,3032,0.0435744680851064
2018-05-19,847,0.0539215686274509
2018-05-20,906,0.0698787878787878
2018-05-21,2974,0.0574498567335243
2018-05-22,2881,0.0483979328165375
2018-05-23,3128,0.0311976047904192
2018-05-24,3098,0.0384810126582278
2018-05-25,3166,0.199667590027701
2018-05-26,811,0.199247311827957
2018-05-27,743,0.100833333333333
2018-05-28,1862,0.0424678663239074
2018-05-29,3044,0.0652549889135256
2018-05-30,3137,0.0398258706467661
2018-05-31,2778,0.0470700636942675
2018-06-01,2939,0.0429924242424242
2018-06-02,977,0.0289189189189189
2018-06-03,795,0.0575903614457831
2018-06-04,2809,0.0426382978723404
2018-06-05,2838,0.0698305084745762
2018-06-06,3064,0.045234375
2018-06-07,2884,0.161785714285714
2018-06-08,2842,0.0432167832167831
2018-06-09,886,0.0399230769230769
2018-06-10,786,0.04648
2018-06-11,2788,0.0388888888888888
2018-06-12,2817,0.0853333333333334
2018-06-13,2831,0.0412455516014234
2018-06-14,2948,0.075875
2018-06-15,2707,0.0255038759689923
2018-06-16,1095,0.0593877551020408
2018-06-17,933,0.0867605633802817
2018-06-18,2810,0.0827106227106229
2018-06-19,2872,0.0965014577259478
2018-06-20,2792,0.0757312252964427
2018-06-21,2759,0.157543424317618
2018-06-22,2679,0.0702647058823531
2018-06-23,863,0.0879787234042553
2018-06-24,798,0.0708888888888889
2018-06-25,2966,0.0544313725490195
2018-06-26,2842,0.0856183745583038
2018-06-27,2904,0.0477653631284916
2018-06-28,2773,0.146938775510204
2018-06-29,2856,0.0193333333333333
2018-06-30,978,0.014375
2018-07-01,844,0.0831764705882353
2018-07-02,2606,0.0484705882352941
2018-07-03,2644,0.0528048780487804
2018-07-04,1593,0.10972027972028
2018-07-05,2402,0.0661658031088082
2018-07-06,2472,0.103466666666667
2018-07-07,871,0.0722784810126582
2018-07-08,813,0.0770967741935484
2018-07-09,2751,0.1265
2018-07-10,2828,0.0528828828828829
2018-07-11,2714,0.0479012345679012
2018-07-12,2856,0.0683478260869565
2018-07-13,2846,0.0716788321167883
2018-07-14,720,0.0430434782608696
2018-07-15,202,0.0141176470588235
2018-07-16,2688,0.0697175141242938
2018-07-17,2707,0.104521739130435
2018-07-18,2775,0.0410084033613445
2018-07-19,2908,0.028
2018-07-20,2811,0.0534285714285714
2018-07-21,958,0.0550387596899224
2018-07-22,718,0.07
2018-07-23,2870,0.0631877729257643
2018-07-24,2932,0.0621408450704225
2018-07-25,2780,0.0650624999999999
2018-07-26,2758,0.0343529411764706
2018-07-27,2685,0.0261313868613139
2018-07-28,804,0.0718181818181818
2018-07-29,690,0.0495081967213115
2018-07-30,2704,0.0653221288515407
2018-07-31,2852,0.072059553349876
2018-08-01,2981,0.0668008474576272
2018-08-02,2919,0.0649048625792812
2018-08-03,2920,0.0791807909604522
2018-08-04,771,0.0880882352941176
2018-08-05,703,0.0165217391304348
2018-08-06,2830,0.0447486033519553
2018-08-07,2914,0.0592682926829268
2018-08-08,2980,0.0760663507109004
2018-08-09,3006,0.244090909090909
2018-08-10,3088,0.0794782608695652
2018-08-11,1026,0.146900584795322
2018-08-12,865,0.0719047619047619
2018-08-13,2866,0.149051383399209
2018-08-14,2936,0.112490706319703
2018-08-15,2974,0.0589032258064515
2018-08-16,3091,0.053607305936073
2018-08-17,2925,0.0828869047619048
2018-08-18,1082,0.112333333333333
2018-08-19,975,0.0802325581395349
2018-08-20,2918,0.0603353658536585
2018-08-21,2875,0.0425083612040133
2018-08-22,3064,0.0606382978723404
2018-08-23,2985,0.319603960396039
2018-08-24,3021,0.140656565656566
2018-08-25,963,0.0384146341463414
2018-08-26,826,0.00772727272727273
2018-08-27,2966,0.0218897637795275
2018-08-28,3117,0.0758189655172413
2018-08-29,3336,0.0721359223300971
2018-08-30,3376,0.0423809523809523
2018-08-31,3137,0.0726748971193415
2018-09-01,952,0.0458035714285714
2018-09-02,902,0.0363207547169811
2018-09-03,1645,0.11921052631579
2018-09-04,3344,0.0461666666666666
2018-09-05,3593,0.0981617647058824
2018-09-06,3584,0.042793733681462
2018-09-07,3398,0.0667234042553191
2018-09-08,1071,0.0984939759036144
2018-09-09,917,0.2442
2018-09-10,3200,0.130265210608424
2018-09-11,3535,0.0269576059850374
2018-09-12,3264,0.0287009063444108
2018-09-13,3101,0.16247572815534
2018-09-14,3229,0.0472794117647059
2018-09-15,1110,0.0603389830508475
2018-09-16,952,0.0620465116279069
2018-09-17,2949,0.0490942028985506
2018-09-18,3225,0.0560681114551083
2018-09-19,2919,0.0236129032258064
2018-09-20,3241,0.124130434782609
2018-09-21,3254,0.0897000000000001
2018-09-22,904,0.0590566037735849
2018-09-23,710,0.0506896551724138
2018-09-24,3292,0.0425435540069687
2018-09-25,3438,0.0963989290495315
2018-09-26,3422,0.0542857142857144
2018-09-27,3270,0.0579716024340771
2018-09-28,3217,0.094951768488746
2018-09-29,950,0.0324418604651163
2018-09-30,766,0.0175294117647059
2018-10-01,3547,0.0401449275362318
2018-10-02,3561,0.0607335907335909
2018-10-03,3608,0.02615
2018-10-04,3719,0.0445454545454545
2018-10-05,3520,0.0402600472813238
2018-10-06,978,0.045625
2018-10-07,821,0.0195384615384615
2018-10-08,3085,0.0428975265017669
2018-10-09,3579,0.0435865724381626
2018-10-10,3520,0.0420389610389612
2018-10-11,1118,0.1509375
2018-10-12,3457,0.0352141057934508
2018-10-13,1028,0.0486857142857142
2018-10-14,842,0.0161538461538462
2018-10-15,3472,0.0822745098039215
2018-10-16,3671,0.0422976501305482
2018-10-17,3618,0.0161739130434782
2018-10-18,3805,0.0117197452229299
2018-10-19,3783,0.038739946380697
2018-10-20,957,0.0218674698795181
2018-10-21,869,0.00227272727272727
2018-10-22,3252,0.00288888888888889
2018-10-23,3531,0.0242729970326409
2018-10-24,3363,0.0476767676767676
2018-10-25,3506,0.0396949891067537
2018-10-26,3728,0.0483999999999999
2018-10-27,1206,0.0376056338028168
2018-10-28,1013,0.0153691275167785
2018-10-29,3658,0.0158085808580858
2018-10-30,3771,0.0278787878787879
2018-10-31,3684,0.0411222780569514
2018-11-01,1066,0.0455974842767295
2018-11-02,3746,0.0330188679245283
2018-11-03,1095,0.0448765432098765
2018-11-04,965,0.073631284916201
2018-11-05,3993,0.0386352657004832
2018-11-06,4293,0.0360633036597429
2018-11-07,3782,0.0496842105263157
2018-11-08,3630,0.0147272727272727
2018-11-09,4092,0.0339127163280663
2018-11-10,1188,0.00188235294117647
2018-11-11,1091,0.0183969465648855
2018-11-12,3423,0.067371854613234
2018-11-13,3373,0.0309416581371548
2018-11-14,3608,0.0154704944178628
2018-11-15,3990,0.0527062706270627
2018-11-16,3749,0.0202448210922786
2018-11-17,1177,0.00311688311688312
2018-11-18,995,0.00943661971830986
2018-11-19,3435,0.0160747663551402
2018-11-20,3829,0.0093162393162393
2018-11-21,3533,0.03125
2018-11-22,2052,0.0487871287128713
2018-11-23,2253,0.0268387096774193
2018-11-24,1058,0.0529017857142857
2018-11-25,1167,0.0329861111111111
2018-11-26,3541,0.0259306803594352
2018-11-27,3473,0.0220783645655877
2018-11-28,3284,0.0174307304785894
2018-11-29,1696,0.0278142076502731
2018-11-30,3579,0.0257305194805194
2018-12-01,1255,0.053442265795207
2018-12-02,1004,0.0260392156862744
2018-12-03,3446,0.0600772200772201
2018-12-04,2857,0.0150785340314136
2018-12-05,3136,0.00980815347721822
2018-12-06,3425,0.0585130111524164
2018-12-07,3277,0.0565461847389559
2018-12-08,870,0.042448132780083
2018-12-09,778,0.0490943396226414
2018-12-10,3249,0.0204975124378109
2018-12-11,3594,0.0345205479452054
2018-12-12,3461,0.00903361344537815
2018-12-13,3318,0.053661971830986
2018-12-14,3520,0.0379597197898425
2018-12-15,1022,0.0372767857142856
2018-12-16,728,0.0397276264591439
2018-12-17,3014,0.025025641025641
2018-12-18,3382,0.0606837606837607
2018-12-19,3422,0.0314826498422713
2018-12-20,1994,0.0436887254901962
2018-12-21,3455,0.0328435114503819
2018-12-22,978,0.0223711340206186
2018-12-23,911,0.0262195121951219
2018-12-24,2202,0.0231267605633802
2018-12-25,684,0.0286046511627907
2018-12-26,1358,0.0469337979094076
2018-12-27,2830,0.0729661016949152
2018-12-28,2777,0.0682066869300912
2018-12-29,937,0.02
2018-12-30,890,0.0152564102564102
2018-12-31,2505,0.0500496277915633
